timesteps,curriculum_stage,mean_reward,std_reward,mean_episode_length,std_episode_length,success_rate,collision_rate,safety_violation_rate,timeout_rate,mean_path_length,mean_final_goal_dist,mean_min_collision_clearance,mean_min_safety_clearance,success_mean_reward,success_mean_episode_length
25000,4,119.5520226592198,53.505902184344734,89.125,24.23033996872516,0.125,0.875,1.0,0.0,23.956672604428604,6.1724617928266525,-0.03897235542535782,-0.288972370326519,260.6539771929383,153.0
50000,4,330.3727827159455,90.02798722508876,297.375,61.396126710078384,0.875,0.125,0.625,0.0,31.535360219713766,1.033151239156723,0.19464550912380219,-0.055354490876197815,360.0957609803549,319.14285714285717
75000,4,141.6988531698007,80.92274069365665,166.25,32.778613454507195,0.125,0.875,0.875,0.0,25.913705001352355,3.0592934116721153,0.06472346186637878,-0.18527653813362122,325.27598579227924,170.0
100000,4,321.64757689453654,113.05787972926478,215.375,60.33021113007976,0.75,0.25,0.25,0.0,28.79690345330164,1.4419617652893066,0.4906526729464531,0.2406526729464531,381.44767045716435,237.66666666666666
125000,4,275.69263700407464,116.34456143120576,186.625,46.57504025763156,0.625,0.375,0.375,0.0,27.501730074058287,1.8344360664486885,0.31613312661647797,0.06613312661647797,357.22220264710484,211.2
150000,4,349.15458564966684,31.204433353733883,214.125,43.288097382536925,1.0,0.0,0.0,0.0,29.01986121945083,0.6329136192798615,0.7700330018997192,0.5200330018997192,349.15458564966684,214.125
175000,4,335.7722297292785,70.1976661623395,207.625,35.40105047876404,0.875,0.125,0.125,0.0,28.604911594986334,1.0155826434493065,0.6152137666940689,0.3652137666940689,360.4338872028914,213.85714285714286
200000,4,371.81363136391155,49.40949033185615,239.125,65.57521921427332,1.0,0.0,0.0,0.0,28.972192138957325,0.640878289937973,0.7757020369172096,0.5257020369172096,371.81363136391155,239.125
225000,4,388.4328989016358,43.97822297406305,243.875,49.103048530615695,1.0,0.0,0.0,0.0,29.43362655339297,0.6435823291540146,0.8136377260088921,0.5636377185583115,388.4328989016358,243.875
250000,4,431.92676317263613,21.393339341786792,251.875,48.49081742969487,1.0,0.0,0.0,0.0,28.413312175878673,0.6469258815050125,0.6885606795549393,0.4385606348514557,431.92676317263613,251.875
275000,4,498.8180128853419,61.977451075244474,311.75,50.68961925286084,1.0,0.0,0.0,0.0,29.107068060300662,0.6457725316286087,1.1566208600997925,0.9066208451986313,498.8180128853419,311.75
300000,4,471.75980514485855,45.687943656513745,299.125,46.15039951073013,1.0,0.0,0.0,0.0,28.760323906404665,0.6412853822112083,1.0216959416866302,0.7716958224773407,471.75980514485855,299.125
325000,4,528.974937764564,127.17944785767533,309.5,32.25678223257862,1.0,0.0,0.0,0.0,28.662186901195128,0.6448151841759682,0.6991913020610809,0.4491911977529526,528.974937764564,309.5
350000,4,624.9553527483367,53.80242407921513,319.5,7.810249675906654,1.0,0.0,0.0,0.0,28.82716758542483,0.6484429314732552,1.0827041268348694,0.832704097032547,624.9553527483367,319.5
375000,4,513.0414985343814,50.13978236650164,282.25,39.30569297188386,1.0,0.0,0.0,0.0,28.26789685728363,0.6457941681146622,0.9202818870544434,0.6702818721532822,513.0414985343814,282.25
400000,4,464.85208157636225,30.041029884721663,246.25,5.238081709939241,1.0,0.0,0.0,0.0,28.05758728816727,0.6443300992250443,1.046625554561615,0.7966255396604538,464.85208157636225,246.25
425000,4,471.65428926679306,48.7431851821906,254.25,31.423518262600705,1.0,0.0,0.0,0.0,28.620182020797074,0.6465421915054321,0.679008275270462,0.42900827527046204,471.65428926679306,254.25
450000,4,526.2335144486278,85.87539604580147,266.625,28.062152002296617,1.0,0.0,0.0,0.0,28.331162917753318,0.6485021337866783,0.6650281473994255,0.4150281473994255,526.2335144486278,266.625
475000,4,577.1171685766312,94.24176020323598,301.0,31.38072656902641,1.0,0.0,0.0,0.0,28.50417333299538,0.657695509493351,0.8681366890668869,0.6181366890668869,577.1171685766312,301.0
500000,4,541.5489611364901,42.918799572569014,295.625,24.294739656971014,1.0,0.0,0.0,0.0,28.699067777270102,0.6484771817922592,0.9161268770694733,0.6661268696188927,541.5489611364901,295.625
525000,4,506.5500567937561,21.670878993071295,269.0,9.759610647971568,1.0,0.0,0.0,0.0,28.309779163890198,0.6483239829540253,0.6666024848818779,0.4166024848818779,506.5500567937561,269.0
550000,4,590.7148047001101,95.88679406426324,311.125,56.98560673538538,1.0,0.0,0.0,0.0,28.62852316037788,0.6483251303434372,0.715735986828804,0.4657359942793846,590.7148047001101,311.125
575000,4,566.2809387902962,27.06085545432183,294.625,8.350711047569542,1.0,0.0,0.0,0.0,28.640765756816904,0.6483318731188774,0.9012292176485062,0.6512292250990868,566.2809387902962,294.625
600000,4,608.7028106320649,36.99823955286157,312.125,18.96995980491261,1.0,0.0,0.0,0.0,28.798004247226345,0.6481793373823166,0.8461451008915901,0.5961450859904289,608.7028106320649,312.125
625000,4,623.7571153920144,83.59048995456347,313.875,22.707033601948098,1.0,0.0,0.0,0.0,28.47580567764271,0.6567338556051254,0.7197667360305786,0.4697667360305786,623.7571153920144,313.875
650000,4,628.572641082108,52.396732393376986,307.875,8.880280119455692,1.0,0.0,0.0,0.0,28.35265006261716,0.6485940888524055,0.712692528963089,0.462692528963089,628.572641082108,307.875
675000,4,597.6428313767537,35.44651117961231,301.75,17.633419974582356,1.0,0.0,0.0,0.0,28.122233710073488,0.6486857831478119,0.6696888655424118,0.4196888655424118,597.6428313767537,301.75
700000,4,616.68197444221,60.162527617689356,326.0,16.054594358002323,1.0,0.0,0.0,0.0,29.32686858309171,0.6671492159366608,0.8093186020851135,0.5593186020851135,616.68197444221,326.0
725000,4,615.6628707163036,23.26250136156442,299.25,13.432702632009688,1.0,0.0,0.0,0.0,28.220631795944428,0.6487814337015152,0.8407052233815193,0.5907052233815193,615.6628707163036,299.25
750000,4,673.3127484804718,19.854224334875,327.0,17.11724276862369,1.0,0.0,0.0,0.0,28.308985519335693,0.6497726514935493,0.7933917567133904,0.5433917567133904,673.3127484804718,327.0
775000,4,650.1161639653146,39.52414690988378,317.125,9.22547424255252,1.0,0.0,0.0,0.0,28.865868309956568,0.64866853505373,0.7287154048681259,0.4787154048681259,650.1161639653146,317.125
800000,4,614.1662260051817,42.67227104846254,302.25,12.607041683122969,1.0,0.0,0.0,0.0,27.946004614910635,0.6488171517848969,0.7289589568972588,0.47895895689725876,614.1662260051817,302.25
825000,4,650.7379833366722,30.205470179568913,326.625,6.927075501248705,1.0,0.0,0.0,0.0,28.38961049673162,0.648421473801136,0.8079488053917885,0.5579488128423691,650.7379833366722,326.625
850000,4,646.3787350072525,12.508894348493211,305.5,14.551632210855248,1.0,0.0,0.0,0.0,28.0968622273449,0.6489595174789429,0.6927411109209061,0.44274111092090607,646.3787350072525,305.5
875000,4,635.7532284595072,10.530403060656312,317.75,14.280668751847722,1.0,0.0,0.0,0.0,28.38537892916247,0.6489923894405365,0.7857854515314102,0.5357854515314102,635.7532284595072,317.75
900000,4,604.7753676343709,28.077295888044976,303.0,10.024968827881711,1.0,0.0,0.0,0.0,28.599172634149,0.648744523525238,0.7511612102389336,0.5011611953377724,604.7753676343709,303.0
925000,4,636.0421155188233,14.629885913746811,301.5,14.534441853748634,1.0,0.0,0.0,0.0,28.312156693189536,0.6491222828626633,0.7909377664327621,0.5409377664327621,636.0421155188233,301.5
950000,4,653.5403162352741,8.882261423581385,311.625,11.190816547508945,1.0,0.0,0.0,0.0,27.980974355747094,0.6493533700704575,0.6964069381356239,0.44640693813562393,653.5403162352741,311.625
975000,4,641.921912593767,38.24208490417987,319.0,15.803480629279107,1.0,0.0,0.0,0.0,28.342894156709917,0.648870013654232,0.7574230656027794,0.5074230656027794,641.921912593767,319.0
1000000,4,628.4208292420954,29.90367446798149,315.75,13.808964479641476,1.0,0.0,0.0,0.0,28.351388313920324,0.6519179195165634,0.7455826327204704,0.49558263272047043,628.4208292420954,315.75
1025000,4,650.3888850472867,46.10181556939016,313.5,20.808652046684813,1.0,0.0,0.0,0.0,28.29551908909525,0.6484601572155952,0.7429230138659477,0.4929230138659477,650.3888850472867,313.5
1050000,4,655.8554871920496,38.288539436074366,318.0,12.913171570144957,1.0,0.0,0.0,0.0,28.679306221019942,0.6490488052368164,0.824834868311882,0.574834868311882,655.8554871920496,318.0
1075000,4,662.7978366743773,50.589856832619816,326.125,13.513303630126869,1.0,0.0,0.0,0.0,27.92013864031378,0.6517559662461281,0.8554635643959045,0.6054635643959045,662.7978366743773,326.125
1100000,4,646.2503164131194,12.462546236081224,325.875,39.86049893064561,1.0,0.0,0.0,0.0,28.153366336646286,0.6594555974006653,0.7241434678435326,0.47414346784353256,646.2503164131194,325.875
1125000,4,635.6605875361711,81.24274860109436,315.625,37.39631499225559,1.0,0.0,0.0,0.0,28.387214868838782,0.6505099460482597,0.8334063142538071,0.5834063142538071,635.6605875361711,315.625
1150000,4,663.2449935227633,14.602512589054575,315.125,16.31285919144771,1.0,0.0,0.0,0.0,28.030784527085416,0.6490328907966614,0.6332957968115807,0.38329579681158066,663.2449935227633,315.125
1175000,4,645.7711163498461,7.026776268611905,318.875,7.880950133074057,1.0,0.0,0.0,0.0,28.68610601066939,0.6486566290259361,0.8480235561728477,0.5980235561728477,645.7711163498461,318.875
1200000,4,672.6990217957646,10.720434597016595,323.375,20.260413988860147,1.0,0.0,0.0,0.0,28.041065602987146,0.6491011306643486,0.75214833766222,0.50214833766222,672.6990217957646,323.375
1225000,4,653.1438619978726,30.99148221174656,318.25,14.66074691139575,1.0,0.0,0.0,0.0,28.659254469203006,0.6491840183734894,0.776653602719307,0.526653602719307,653.1438619978726,318.25
1250000,4,694.2867208644748,34.30725726599594,343.625,13.190313680879617,1.0,0.0,0.0,0.0,28.994612452497677,0.6522452086210251,0.8122109621763229,0.5622109621763229,694.2867208644748,343.625
1275000,4,667.9682568535209,24.38223925904367,307.5,17.57128339080558,1.0,0.0,0.0,0.0,27.8364848144156,0.649209700524807,0.7698542848229408,0.5198542848229408,667.9682568535209,307.5
1300000,4,643.5989640802145,35.50765824076874,308.375,7.069962871189636,1.0,0.0,0.0,0.0,28.49256866412088,0.6489489376544952,0.7994066998362541,0.5494066998362541,643.5989640802145,308.375
1325000,4,639.417123792693,29.552792709388523,307.375,7.482270711488592,1.0,0.0,0.0,0.0,28.267037601352058,0.6490458771586418,0.6665098890662193,0.41650988906621933,639.417123792693,307.375
1350000,4,602.3739403490908,82.51520532732265,299.75,17.760560238911385,1.0,0.0,0.0,0.0,28.280467125538053,0.6489158347249031,0.67218067497015,0.42218067497015,602.3739403490908,299.75
1375000,4,649.4239125940949,23.154076313358438,334.125,24.35383696668761,1.0,0.0,0.0,0.0,28.734569970380107,0.6913030445575714,0.7162386998534203,0.46623869985342026,649.4239125940949,334.125
1400000,4,680.7305303961039,66.78245805792702,357.125,38.31265293607322,1.0,0.0,0.0,0.0,29.407159380551093,0.7182081192731857,0.7522572800517082,0.5022572800517082,680.7305303961039,357.125
1425000,4,3802.3851556363516,4045.9996908034805,1813.0,1941.9323494910939,0.625,0.0,0.0,0.375,42.25351319715628,0.7293765693902969,0.7758709862828255,0.5258709862828255,668.3757001161575,308.8
1450000,4,4224.059621380642,3514.999507092516,2326.125,1993.8803523218237,0.5,0.0,0.0,0.5,59.19184337838033,0.8023499846458435,0.7500341534614563,0.5000341534614563,709.0868149995804,332.25
1475000,4,673.3769114501774,31.37025714318139,327.75,12.397076268217438,1.0,0.0,0.0,0.0,28.55331537614984,0.6492331027984619,0.7418367639183998,0.4918367490172386,673.3769114501774,327.75
1500000,4,656.2934476453811,28.740283232484977,319.25,22.911514572371683,1.0,0.0,0.0,0.0,28.338249706244824,0.6501376554369926,0.7644334062933922,0.5144334062933922,656.2934476453811,319.25
1525000,4,658.8394671529531,24.550349424312742,320.375,23.526248638488884,1.0,0.0,0.0,0.0,28.434462794448336,0.6501120403409004,0.717084251344204,0.46708425134420395,658.8394671529531,320.375
1550000,4,713.5417719054967,88.37722858575097,333.625,43.54577333105935,1.0,0.0,0.0,0.0,28.230629191919434,0.651467815041542,0.7102810069918633,0.46028100699186325,713.5417719054967,333.625
1575000,4,5572.634356112627,3790.3220793192263,2821.875,1934.07151092585,0.375,0.0,0.0,0.625,51.39858506007249,0.8255801871418953,0.8486085683107376,0.5986085683107376,679.4564359486103,325.0
1600000,4,726.1382971566636,125.35137573807187,346.5,75.77763522306564,1.0,0.0,0.0,0.0,28.38510325382049,0.6489442214369774,0.7249158620834351,0.47491586208343506,726.1382971566636,346.5
1625000,4,624.4863819461316,56.4538540938992,305.125,13.559475469206026,1.0,0.0,0.0,0.0,28.460876924098557,0.6534919366240501,0.6488809064030647,0.39888090640306473,624.4863819461316,305.125
1650000,4,2658.3620344111696,3475.8789258413,1322.5,1730.6740738798858,0.75,0.0,0.0,0.25,40.788927167564,0.7243283689022064,0.7740475162863731,0.5240475162863731,651.6137992267808,323.3333333333333
1675000,4,1703.3290642721113,2768.3052823656126,833.5,1317.7964562101388,0.875,0.0,0.0,0.125,33.31201721521575,0.7536531016230583,0.6881232485175133,0.4381232485175133,657.1489525008947,335.42857142857144
1700000,4,719.0590658411384,100.45304572897494,354.25,56.841336191191004,1.0,0.0,0.0,0.0,28.88581346677711,0.6738561317324638,0.792847715318203,0.542847715318203,719.0590658411384,354.25
1725000,4,3694.919032646343,3941.554543981123,1805.75,1947.5374675471587,0.625,0.0,0.0,0.375,44.792513787042026,0.7079101428389549,0.7669447883963585,0.5169447883963585,641.8421523064375,297.2
1750000,4,666.8528345413506,35.7018898179306,323.875,11.910473332323951,1.0,0.0,0.0,0.0,28.70645873210742,0.6675676852464676,0.7784745618700981,0.5284745618700981,666.8528345413506,323.875
1775000,4,1566.514243228361,1590.8060936158447,729.125,751.5228601812456,1.0,0.0,0.0,0.0,31.851258676466387,0.6565591767430305,0.7227991819381714,0.4727991819381714,1566.514243228361,729.125
1800000,4,660.6969435960054,33.86041044403966,317.375,31.216732292153836,1.0,0.0,0.0,0.0,28.466951338794388,0.7301539555191994,0.6321577802300453,0.3821577802300453,660.6969435960054,317.375
1825000,4,1759.2120726247085,1329.822142538979,853.75,634.3356268569503,1.0,0.0,0.0,0.0,34.418659773402396,0.7300843521952629,0.7164023965597153,0.46640239655971527,1759.2120726247085,853.75
1850000,4,643.1543179841829,90.12623949771145,305.125,32.08363095100054,1.0,0.0,0.0,0.0,28.303078781806107,0.6516183391213417,0.7175798565149307,0.46757984161376953,643.1543179841829,305.125
1875000,4,4579.931638817536,4078.5997541937522,2105.5,1872.272549603823,0.625,0.0,0.0,0.375,46.668700053360226,0.7825764492154121,0.7404973208904266,0.49049732089042664,1691.9911291450262,776.8
1900000,4,3761.201875206083,3989.330630530977,1810.5,1943.8528750911166,0.625,0.0,0.0,0.375,43.49305156274977,0.7314438298344612,0.5881970971822739,0.33819709718227386,671.0921673685312,304.8
1925000,4,7068.641287343577,3674.327539119981,3321.875,1728.8097377603472,0.25,0.0,0.0,0.75,59.309556573225564,0.8299499005079269,0.7527859956026077,0.5027859956026077,704.7096881568432,327.5
1950000,4,664.7818125095218,50.83001574175987,325.375,8.659351881058997,1.0,0.0,0.0,0.0,28.613230511145957,0.6825218871235847,0.6862057521939278,0.43620575219392776,664.7818125095218,325.375
1975000,4,619.4829835779965,9.696382043212381,313.0,16.515144564913744,1.0,0.0,0.0,0.0,28.75785090584759,0.6603460907936096,0.6939705610275269,0.44397056102752686,619.4829835779965,313.0
2000000,4,694.3737990530208,57.328359123468616,336.5,27.518175811634027,1.0,0.0,0.0,0.0,28.359589246845644,0.699157327413559,0.7245878279209137,0.4745878279209137,694.3737990530208,336.5
2025000,4,645.2878345549107,14.959755294076263,302.625,13.114281337534283,1.0,0.0,0.0,0.0,28.27846596710515,0.6490757688879967,0.7246451452374458,0.47464514523744583,645.2878345549107,302.625
2050000,4,616.8425650391728,61.42197308716726,301.375,19.716347912328995,1.0,0.0,0.0,0.0,28.615366833758344,0.6485126093029976,0.7549476101994514,0.5049476101994514,616.8425650391728,301.375
2075000,4,723.0955231655389,182.0051981565374,344.25,86.8500863557429,1.0,0.0,0.0,0.0,28.27976967387349,0.7007696107029915,0.6178875416517258,0.36788754165172577,723.0955231655389,344.25
2100000,4,672.4048481360078,11.428285702572053,310.25,8.898735865278843,1.0,0.0,0.0,0.0,27.962157007399583,0.6505228653550148,0.7104482650756836,0.4604482650756836,672.4048481360078,310.25
2125000,4,632.8839821233414,39.603685407668,316.25,6.077622890571609,1.0,0.0,0.0,0.0,28.98798309893482,0.6489559561014175,0.7725722789764404,0.5225722789764404,632.8839821233414,316.25
2150000,4,738.5368582028896,225.498849376884,360.5,100.1361573059402,1.0,0.0,0.0,0.0,29.362697498732132,0.7364974096417427,0.733964167535305,0.483964167535305,738.5368582028896,360.5
2175000,4,2826.9348953552544,3810.885173367414,1317.25,1733.7223501760598,0.75,0.0,0.0,0.25,37.876312104988756,0.7308593615889549,0.6801261454820633,0.4301261305809021,627.1016133824984,316.3333333333333
2200000,4,3459.173375375569,3585.06498651043,1657.5,1703.9009654319702,0.875,0.0,0.0,0.125,41.39806734357717,0.7396399825811386,0.6439348608255386,0.39393484592437744,2663.2837343045644,1277.142857142857
2225000,4,3852.6064245812595,4267.31742099162,1784.5,1964.0001272912382,0.625,0.0,0.0,0.375,40.70271379157566,0.7180399894714355,0.7693366035819054,0.5193365961313248,547.1845205485821,263.2
2250000,4,627.8912137681618,78.87077220741669,318.125,22.211694554896077,1.0,0.0,0.0,0.0,28.81485501643874,0.6735935285687447,0.7061186954379082,0.456118680536747,627.8912137681618,318.125
2275000,4,3729.6518339524046,3989.10977330196,1823.75,1933.6111779517619,0.625,0.0,0.0,0.375,45.192016433693425,0.7896209210157394,0.7004023119807243,0.45040231198072433,639.8786985054612,326.0
2300000,4,642.1546244763886,103.74403340454244,314.25,48.427135987997474,1.0,0.0,0.0,0.0,28.426397941522737,0.6507183685898781,0.7196551263332367,0.4696551337838173,642.1546244763886,314.25
2325000,4,4377.672155145556,3814.2598968323528,2055.875,1807.610953544761,0.75,0.0,0.0,0.25,43.53758060963719,0.7529039457440376,0.7242973670363426,0.4742973670363426,2792.1777676790953,1301.1666666666667
2350000,4,3839.4610329871066,4064.5735259315093,1821.625,1935.2461043430626,0.625,0.0,0.0,0.375,47.0090756387317,0.6997887194156647,0.7161968648433685,0.46619686484336853,691.1174963563681,322.6
2375000,4,677.7352216374129,134.57996268098725,328.875,78.19117197612529,1.0,0.0,0.0,0.0,28.82222832476691,0.6647041365504265,0.7696455419063568,0.5196455419063568,677.7352216374129,328.875
2400000,4,504.1897121965885,74.37602562048534,261.375,26.944097219984936,1.0,0.0,0.0,0.0,28.177312249501483,0.647912785410881,0.6391479820013046,0.3891479820013046,504.1897121965885,261.375
2425000,4,1270.2788356412202,736.3361708704608,604.5,347.2776266908077,1.0,0.0,0.0,0.0,31.322731950573143,0.648249015212059,0.6666116490960121,0.4166116490960121,1270.2788356412202,604.5
2450000,4,2690.157548666466,3555.6862347147203,1317.25,1733.6833440683451,0.75,0.0,0.0,0.25,38.6999902225989,0.7683355733752251,0.6451109424233437,0.39511094242334366,637.4554612242306,316.3333333333333
2475000,4,3811.611127119977,4021.3649304156975,1823.625,1933.6883110716162,0.625,0.0,0.0,0.375,44.270331116815214,0.7309821173548698,0.6164732798933983,0.3664732798933983,696.7323010712862,325.8
2500000,4,670.669682206586,55.24836679338136,332.25,34.41928964984606,1.0,0.0,0.0,0.0,28.519607393667684,0.6965076997876167,0.6702044978737831,0.4202044978737831,670.669682206586,332.25
2525000,4,2760.8239793060347,3655.0779037866937,1318.625,1732.9095430445873,0.75,0.0,0.0,0.25,39.37932998296219,0.7361822575330734,0.7330335974693298,0.48303359746932983,650.7797810832659,318.1666666666667
2550000,4,757.6950465561822,84.0770829682744,358.75,41.37858745776612,1.0,0.0,0.0,0.0,28.964570826326963,0.6589516922831535,0.7440005093812943,0.49400050938129425,757.6950465561822,358.75
2575000,4,703.0299245375209,98.85295068395821,341.125,34.747077215213366,1.0,0.0,0.0,0.0,28.94493172336297,0.6692931205034256,0.7662624716758728,0.5162624716758728,703.0299245375209,341.125
2600000,4,2720.0005433081888,2843.633604432137,1281.5,1336.2768238654744,0.875,0.0,0.0,0.125,39.54644753436378,0.6569423750042915,0.8165314123034477,0.5665314123034477,1796.5649676461305,847.4285714285714
2625000,4,2768.177211375907,3690.265249565089,1315.875,1734.4460525986387,0.75,0.0,0.0,0.25,38.74427510943951,0.7079119607806206,0.6600828096270561,0.4100828096270561,637.6440984283885,314.5
2650000,4,1007.5454663354903,773.224233818584,487.75,380.11174343868936,1.0,0.0,0.0,0.0,30.43957106245398,0.6971337124705315,0.7840286493301392,0.534028634428978,1007.5454663354903,487.75
2675000,4,1844.5595484886871,1778.0106752688139,849.875,801.7707648542693,1.0,0.0,0.0,0.0,33.430871548282084,0.6709546893835068,0.8742426708340645,0.6242426708340645,1844.5595484886871,849.875
2700000,4,600.9665352459997,78.09305338405773,298.375,22.82508214662107,1.0,0.0,0.0,0.0,28.77524128657842,0.6504183188080788,0.8845062181353569,0.6345062181353569,600.9665352459997,298.375
2725000,4,703.8616720344871,20.242559770222403,332.75,11.42092378050042,1.0,0.0,0.0,0.0,28.015654711407024,0.6959695294499397,0.8173317909240723,0.5673317909240723,703.8616720344871,332.75
2750000,4,592.2990719401278,98.09183304754363,305.5,29.67322024991558,1.0,0.0,0.0,0.0,28.88604422071876,0.7017441093921661,0.7410575076937675,0.49105750769376755,592.2990719401278,305.5
2775000,4,1925.5854972177185,2752.4153375693336,920.5,1318.5900613913332,0.875,0.0,0.0,0.125,34.881621936669035,0.7338718920946121,0.7071494087576866,0.4571494087576866,908.8830329994006,434.85714285714283
2800000,4,1751.8367053540424,2889.5864885948604,822.0,1322.182948763143,0.875,0.0,0.125,0.125,33.05545553732372,0.664423294365406,0.5359373763203621,0.2859373763203621,659.7197992147079,322.2857142857143
2825000,4,738.3647507494316,233.69743859941445,359.375,100.45015866090009,1.0,0.0,0.0,0.0,29.28028980056115,0.694280281662941,0.80677630007267,0.55677630007267,738.3647507494316,359.375
2850000,4,2149.904496744275,1995.5917364528163,977.375,890.1812929819408,1.0,0.0,0.0,0.0,34.62244859526709,0.6650135293602943,0.8933510854840279,0.6433510854840279,2149.904496744275,977.375
2875000,4,3991.9029498300515,3681.859952985471,1772.125,1610.1954413595263,0.875,0.0,0.0,0.125,41.212337027943704,0.6765727177262306,0.7339890450239182,0.48398904502391815,3165.8213075564377,1408.142857142857
2900000,4,6838.95954127243,3529.231294624559,3328.25,1717.761388406434,0.25,0.0,0.0,0.75,67.5298560287174,0.8152868896722794,0.7253621220588684,0.4753621220588684,726.346894711256,353.0
2925000,4,4612.6335506788455,3977.677618010282,2311.625,2008.3891516274928,0.5,0.0,0.0,0.5,48.821421991249736,0.8077753633260727,0.7930890023708344,0.5430890023708344,635.0527328886092,303.25
2950000,4,2416.024996553315,2780.650021052304,1121.625,1268.657157933143,0.875,0.0,0.0,0.125,38.22443632484328,0.651592344045639,0.7248774766921997,0.4748774766921997,1411.3603986600149,664.7142857142857
2975000,4,631.9091377838922,35.599915650452516,308.125,24.471603441540157,1.0,0.0,0.0,0.0,28.643406403548397,0.649295449256897,0.7146981507539749,0.4646981507539749,631.9091377838922,308.125
3000000,4,7493.099394494668,2564.5274652286025,3823.5,1313.6155259435693,0.125,0.0,0.0,0.875,66.21435678525245,0.8879290446639061,0.6743885949254036,0.4243885949254036,708.3855491280556,348.0
3025000,4,8455.639742439613,21.909181785241657,4320.0,0.0,0.0,0.0,0.0,1.0,82.60777049053922,0.9527553021907806,0.6674897223711014,0.4174897223711014,nan,nan
3050000,4,778.8182135354728,38.02447013975693,393.875,35.29673320577982,1.0,0.0,0.0,0.0,29.994866060475033,0.6587824523448944,0.7429437562823296,0.49294375628232956,778.8182135354728,393.875
3075000,4,4475.716371630959,4046.749167139714,2077.125,1848.70694253443,0.625,0.0,0.0,0.375,47.31116672782014,0.7689028456807137,0.8176895380020142,0.5676895380020142,1530.8418915654534,731.4
3100000,4,3728.2903859973885,3347.8575480778986,1743.25,1528.9581215651394,0.875,0.0,0.125,0.125,45.27942458920552,0.6635628193616867,0.7111615538597107,0.4611615464091301,2923.604882828359,1375.142857142857
3125000,4,5884.027400274994,4202.336637448855,2788.75,1977.7208947422282,0.25,0.125,0.125,0.625,57.284105951798665,1.3963704258203506,0.6494485139846802,0.3994485139846802,631.7170594185591,305.0
3150000,4,6030.544868132602,4182.09960738552,2762.75,1897.6810025660266,0.5,0.0,0.375,0.5,55.22997433856017,0.7737308219075203,0.46101367473602295,0.21101367473602295,2593.6628432172147,1205.5
3175000,4,2863.165007477626,3784.5192921004204,1315.375,1734.7449335204874,0.75,0.0,0.0,0.25,38.09701593410682,0.6971715986728668,0.7756902873516083,0.5256902873516083,678.1805034130812,313.8333333333333
3200000,4,620.8090639284346,40.96860728120315,330.625,4.525966747557918,1.0,0.0,0.5,0.0,28.6666471968947,0.6889382898807526,0.4811893627047539,0.23118936270475388,620.8090639284346,330.625
3225000,4,641.2348447684199,86.3105643891015,321.375,30.9351640532259,1.0,0.0,0.0,0.0,28.67035968836899,0.6682997569441795,0.6764526665210724,0.4264526516199112,641.2348447684199,321.375
3250000,4,576.034620212391,54.774547318174406,304.75,15.006248698458919,1.0,0.0,0.0,0.0,29.38267232279759,0.6487216204404831,0.7534153461456299,0.5034153461456299,576.034620212391,304.75
3275000,4,1999.740616610623,2296.661845608258,924.625,1034.9937122393546,1.0,0.0,0.0,0.0,34.561357615827546,0.6886789351701736,0.7147118896245956,0.46471187472343445,1999.740616610623,924.625
3300000,4,899.4159899322658,232.00230539014487,434.375,105.21518129528647,1.0,0.0,0.0,0.0,30.197139211592003,0.6497599184513092,0.6339107677340508,0.38391075283288956,899.4159899322658,434.375
3325000,4,3363.1011820887215,3004.6548028635866,1512.25,1310.401918305983,1.0,0.0,0.0,0.0,40.090206950349966,0.6818948090076447,0.7610936537384987,0.5110936388373375,3363.1011820887215,1512.25
3350000,4,874.6759220511885,364.6769991465168,437.0,164.13866089376992,1.0,0.0,0.0,0.0,30.311415708931236,0.7416152656078339,0.7568813264369965,0.5068813264369965,874.6759220511885,437.0
3375000,4,4973.389472590759,4332.30114316007,2319.625,2000.4261381953097,0.5,0.0,0.0,0.5,49.98178871733944,0.7741071581840515,0.8259458541870117,0.5759458541870117,641.1182017177343,319.25
3400000,4,4486.406767968088,3879.241923586671,2309.5,2010.53997722005,0.5,0.0,0.0,0.5,54.30692641371979,0.8057956397533417,0.7047061920166016,0.45470619201660156,607.1916105672717,299.0
3425000,4,627.2708857653488,90.3237991081743,305.75,19.835259010156637,1.0,0.0,0.0,0.0,28.184023546784374,0.6495278105139732,0.6461671441793442,0.396167129278183,627.2708857653488,305.75
3450000,4,647.6398258190602,31.185957035574212,312.625,5.31360282670807,1.0,0.0,0.0,0.0,28.34579162753107,0.6535227075219154,0.6806047633290291,0.4306047633290291,647.6398258190602,312.625
3475000,4,2692.517233974184,2956.930772325108,1266.5,1361.9371314418297,0.875,0.0,0.0,0.125,39.62358151652779,0.6650461032986641,0.810388371348381,0.5603883564472198,1740.3947021411732,830.2857142857143
3500000,4,674.8113335519447,73.55633988873868,338.625,22.770251974890396,1.0,0.0,0.0,0.0,28.920567777451197,0.6689120978116989,0.7705460712313652,0.5205460414290428,674.8113335519447,338.625
3525000,4,883.6084926724434,411.1489911099439,438.375,204.66737496484387,1.0,0.0,0.0,0.0,30.211753972254655,0.7228042110800743,0.6911880150437355,0.4411880150437355,883.6084926724434,438.375
3550000,4,667.8998273909092,52.63533771638074,330.625,24.36153474229405,1.0,0.0,0.0,0.0,28.46288281534362,0.6702174469828606,0.7041896730661392,0.4541896730661392,667.8998273909092,330.625
3575000,4,632.9101595114917,76.49502995343778,306.875,22.13276699827656,1.0,0.0,0.0,0.0,28.288795545206085,0.6575945690274239,0.6655524298548698,0.41555242985486984,632.9101595114917,306.875
3600000,4,563.8159707667655,29.921350852881865,343.0,9.810708435174291,1.0,0.0,0.0,0.0,29.047579631820554,0.6884060353040695,0.6786118000745773,0.42861180007457733,563.8159707667655,343.0
3625000,4,2119.5786222815514,2963.347788755271,1032.125,1393.2762143146635,0.875,0.0,0.0,0.125,37.718899625894664,0.6719747558236122,0.7373273521661758,0.48732735216617584,1120.6347273939423,562.4285714285714
3650000,4,5353.416344367899,3731.175977404859,2807.25,1952.9657415070035,0.375,0.0,0.0,0.625,61.70676259834272,0.7870033234357834,0.7584747523069382,0.5084747523069382,536.5699813216925,286.0
3675000,4,3562.4760668585077,3869.0718856541166,1812.75,1942.2033074577955,0.625,0.0,0.0,0.375,46.90927582167933,0.7691420167684555,0.7405917271971703,0.49059172719717026,565.5563809737563,308.4
3700000,4,3748.2698916567024,4073.117729946028,1803.25,1949.5007533981616,0.625,0.0,0.0,0.375,45.769065663053425,0.7428716197609901,0.6798929646611214,0.42989296466112137,593.277751660347,293.2
3725000,4,618.771042821696,21.874021071413786,319.625,15.156990961269324,1.0,0.0,0.0,0.0,28.383001949412574,0.6865485832095146,0.757857047021389,0.507857047021389,618.771042821696,319.625
3750000,4,811.3442631412763,245.0368923745377,394.125,126.05101893677814,1.0,0.0,0.0,0.0,29.83733981786645,0.6494017764925957,0.7194296792149544,0.4694296792149544,811.3442631412763,394.125
3775000,4,2802.314571876079,3825.801099337479,1308.25,1738.3353926961277,0.875,0.0,0.0,0.125,38.50074574030987,0.7341637089848518,0.7466897815465927,0.4966897815465927,1857.63005658452,878.0
3800000,4,521.6040919824482,186.10991471668706,276.625,67.13035360401433,0.875,0.125,0.125,0.0,28.547534951746456,1.4285661429166794,0.6158511713147163,0.36585115641355515,583.6160115898695,299.85714285714283
3825000,4,688.1659634024836,96.28548478815539,334.375,65.19190421363683,1.0,0.0,0.0,0.0,28.65005257728808,0.6998330727219582,0.7207599058747292,0.47075990587472916,688.1659634024836,334.375
3850000,4,7679.875272804726,2644.75960053917,3818.5,1326.8442824988922,0.125,0.0,0.0,0.875,66.82505857168962,0.909792385995388,0.5533965677022934,0.3033965677022934,683.0490970611572,308.0
3875000,4,3864.5867736921646,4048.0513177046155,1785.25,1827.259611412675,0.75,0.0,0.0,0.25,44.17201539100415,0.7087080180644989,0.7549750804901123,0.5049750804901123,1988.866806552435,940.3333333333334
3900000,4,3609.1676397028205,3693.9561120181793,1784.5,1840.361445477491,0.75,0.0,0.0,0.25,45.38674027482466,0.7751624211668968,0.7104124650359154,0.4604124650359154,1914.5612022218604,939.3333333333334
3925000,4,780.2690104353242,28.430454968896743,394.375,22.544054094150855,1.0,0.0,0.0,0.0,29.47277185603707,0.6896598935127258,0.8079875707626343,0.5579875707626343,780.2690104353242,394.375
3950000,4,900.3182720961049,159.61920466608566,446.25,89.12035401635252,1.0,0.0,0.0,0.0,29.961673621017326,0.7407571747899055,0.7416337206959724,0.49163372069597244,900.3182720961049,446.25
3975000,4,680.51910719648,44.78884853368172,333.5,12.951833846988619,1.0,0.0,0.0,0.0,28.613479629224457,0.688414916396141,0.6565033942461014,0.4065033942461014,680.51910719648,333.5
4000000,4,658.21115297699,46.19826248356012,327.375,13.963680567815922,1.0,0.0,0.0,0.0,28.675530617587356,0.6675927266478539,0.6209153234958649,0.37091532349586487,658.21115297699,327.375
4025000,4,2837.5931802131236,3648.679693433911,1341.25,1719.8255543804435,0.75,0.0,0.0,0.25,39.3768301474056,0.733101561665535,0.7838413417339325,0.5338413417339325,731.0362819358706,348.3333333333333
4050000,4,1002.8295384537778,237.19278152081208,511.75,126.50568169058653,1.0,0.0,0.0,0.0,31.06245413520992,0.8156474232673645,0.6801450997591019,0.43014509975910187,1002.8295384537778,511.75
4075000,4,645.2629789519124,68.47286003605797,308.625,22.449596321537722,1.0,0.0,0.0,0.0,28.36856228441502,0.6637063845992088,0.6587880477309227,0.4087880477309227,645.2629789519124,308.625
4100000,4,625.4460905869491,72.35380653667197,318.875,37.498124953122655,1.0,0.0,0.0,0.0,28.88802905229386,0.6744233667850494,0.7524417191743851,0.5024417042732239,625.4460905869491,318.875
4125000,4,722.0657426144462,75.7262924704836,396.0,68.21839927761425,1.0,0.0,0.0,0.0,29.850779635055005,0.722525455057621,0.8120293617248535,0.5620293468236923,722.0657426144462,396.0
4150000,4,633.9935080193682,58.961388176966,316.5,23.874672772626646,1.0,0.0,0.0,0.0,28.58508789715961,0.681010290980339,0.6938176900148392,0.4438176900148392,633.9935080193682,316.5
4175000,4,2663.273218490416,3373.126619965425,1338.125,1721.6156973537968,0.75,0.0,0.0,0.25,41.677533660666995,0.7367625832557678,0.7960962131619453,0.5460962131619453,715.8089503372709,344.1666666666667
4200000,4,606.8847726094536,76.86066212466058,298.5,32.046840717924134,1.0,0.0,0.0,0.0,28.37317182721563,0.648614339530468,0.7201656922698021,0.4701656624674797,606.8847726094536,298.5
4225000,4,8986.165990472771,30.47760119522457,4320.0,0.0,0.0,0.0,0.0,1.0,65.00952058385735,0.916962057352066,0.7606317028403282,0.5106317028403282,nan,nan
4250000,4,653.5902710687369,98.16053898668513,336.625,56.04448567878913,1.0,0.0,0.0,0.0,29.095544577943656,0.6400802507996559,0.7578248903155327,0.5078248903155327,653.5902710687369,336.625
4275000,4,798.273022491252,208.32127936992384,400.375,104.15005700910585,1.0,0.0,0.0,0.0,29.488053522374685,0.6500573456287384,0.6497221812605858,0.3997221663594246,798.273022491252,400.375
4300000,4,620.6459204237908,101.06059961500296,314.625,26.58447620322808,1.0,0.0,0.0,0.0,28.885453031329234,0.6456464305520058,0.745303750038147,0.495303750038147,620.6459204237908,314.625
4325000,4,739.9592906907201,98.97893994635021,373.625,41.69513610722478,1.0,0.0,0.0,0.0,29.471236825918368,0.7816421166062355,0.7151282802224159,0.4651282802224159,739.9592906907201,373.625
4350000,4,630.4222841412702,45.251697247150595,333.125,15.095011593238343,1.0,0.0,0.0,0.0,29.544160376600303,0.8189230188727379,0.7527253404259682,0.5027253404259682,630.4222841412702,333.125
4375000,4,4831.584655976723,4176.835916941588,2328.75,1991.2591964633837,0.5,0.0,0.0,0.5,51.03171976662179,0.7916040793061256,0.5735077038407326,0.3235077038407326,654.8206380307674,337.5
4400000,4,3004.355496908305,2705.7856855075665,1399.5,1224.364018582709,1.0,0.0,0.0,0.0,38.89570514110483,0.7798417136073112,0.774933896958828,0.524933896958828,3004.355496908305,1399.5
4425000,4,627.3672557555255,19.398803803573486,323.375,19.924466743177845,1.0,0.0,0.0,0.0,29.226022172457306,0.6904888823628426,0.8169007003307343,0.5669007003307343,627.3672557555255,323.375
4450000,4,3846.2296687510097,4186.521926224612,1818.75,1937.5130160853114,0.625,0.0,0.0,0.375,44.46492280083021,0.7715384513139725,0.7370320931077003,0.48703206330537796,603.5911986529827,318.0
4475000,4,661.5911856177263,47.135610758371314,344.75,38.85791425179689,1.0,0.0,0.0,0.0,29.710798607533434,0.8085319474339485,0.8361722454428673,0.5861722454428673,661.5911856177263,344.75
4500000,4,4990.844136845306,3879.7400773751237,2452.25,1875.7388377650018,0.5,0.0,0.0,0.5,51.806101045230434,0.8815398663282394,0.7033692225813866,0.45336922258138657,1125.4506359044462,584.5
4525000,4,5371.931753062643,2873.3240393549527,2574.125,1357.2028622777805,0.75,0.0,0.0,0.25,56.36444140761387,0.7228202596306801,0.6549480184912682,0.40494801849126816,4144.9745076360805,1992.1666666666667
4550000,4,4701.174492233433,4126.667337895823,2304.75,2015.345674443965,0.5,0.0,0.0,0.5,52.474904247599625,0.7646290734410286,0.6983544379472733,0.44835443794727325,574.6562193986028,289.5
4575000,4,1648.9083237410523,2829.098661343119,799.875,1330.580647452457,0.875,0.0,0.0,0.125,34.734355494727424,0.7714209482073784,0.6871911436319351,0.4371911436319351,579.6400368282838,297.0
4600000,4,6880.145993822254,3603.133377184706,3314.125,1742.2266240001616,0.25,0.0,0.0,0.75,63.35905476000289,0.8166230991482735,0.8453342616558075,0.5953342467546463,639.6648284196854,296.5
4625000,4,7075.1433870866895,3668.413519432638,3322.25,1728.1537655833754,0.25,0.0,0.0,0.75,60.4991056418321,0.8506617620587349,0.7865636274218559,0.5365635976195335,721.360255561769,329.0
4650000,4,3988.09795180941,4293.535027697894,1815.5,1940.0628211478102,0.625,0.0,0.0,0.375,43.20730829613058,0.7026504427194595,0.7666530460119247,0.5166530013084412,662.4796950682997,312.8
4675000,4,766.334870966617,135.5531971690864,385.5,66.08517231573207,1.0,0.0,0.0,0.0,30.091222947730785,0.6972275152802467,0.8680976778268814,0.6180976629257202,766.334870966617,385.5
4700000,4,626.5204887595028,65.35200514765108,309.5,34.03674485023502,1.0,0.0,0.0,0.0,28.727827554143005,0.6614264026284218,0.7910309135913849,0.5410308986902237,626.5204887595028,309.5
4725000,4,5279.530716053676,4113.717585340401,2474.5,1884.572365286088,0.5,0.0,0.0,0.5,51.60258705367187,0.7690015062689781,0.6901520118117332,0.44015201181173325,1248.9159205527976,629.0
4750000,4,1036.6349124761764,982.2770146885432,514.875,444.1996841230304,1.0,0.0,0.0,0.0,30.701247586988757,0.7382107302546501,0.6266519725322723,0.37665197253227234,1036.6349124761764,514.875
4775000,4,680.2359741288237,57.707166005717596,342.375,44.09914256536061,1.0,0.0,0.0,0.0,29.128805061578532,0.723435789346695,0.7604919299483299,0.5104919299483299,680.2359741288237,342.375
4800000,4,3917.5503388727084,4099.078449091592,1864.25,1902.9053280444616,0.625,0.0,0.0,0.375,46.66387784291146,0.870635062456131,0.5196833908557892,0.2696833908557892,743.0574137932621,390.8
4825000,4,779.834210740868,262.56328559194446,388.375,118.63382475078514,1.0,0.0,0.125,0.0,29.15448522902443,0.677993007004261,0.623307853937149,0.37330785393714905,779.834210740868,388.375
4850000,4,8281.012623575138,2614.559233945327,3863.375,1208.1161924148687,0.125,0.0,0.0,0.875,65.23269934092787,0.8888222053647041,0.6848589330911636,0.43485890328884125,1363.6822246313095,667.0
4875000,4,9103.256681252795,39.09600964915439,4320.0,0.0,0.0,0.0,0.0,1.0,73.10428354427677,0.9966422393918037,0.5690311416983604,0.31903114169836044,nan,nan
4900000,4,591.6456838910235,51.560821816116686,295.5,32.95830699535399,1.0,0.0,0.0,0.0,28.644632332519905,0.6468446850776672,0.664363257586956,0.41436324268579483,591.6456838910235,295.5
4925000,4,9258.132768627256,45.65157526091427,4320.0,0.0,0.0,0.0,0.0,1.0,70.78767137751902,0.9149169400334358,0.7810380309820175,0.5310380309820175,nan,nan
4950000,4,492.3777973401011,232.3419531767203,245.875,106.09127850582253,0.75,0.25,0.25,0.0,27.99584338553541,2.2827926352620125,0.5347568318247795,0.2847568318247795,623.7194855883718,301.5
4975000,4,3644.5111571484013,3887.158733131497,1810.125,1944.1693880356722,0.625,0.0,0.0,0.375,47.47898682031882,0.7724291756749153,0.6778771132230759,0.42787711322307587,633.5514225794002,304.2
5000000,4,8107.18879323767,2810.6262276091825,3820.875,1320.5606231351137,0.125,0.0,0.0,0.875,65.83291967697915,0.8884866535663605,0.6722021177411079,0.42220211774110794,671.4736885130405,327.0
